{
    "key": "group_movie_details",
    "title": "Детали фильма",
    "fields": [
        {
            "key": "field_release_date",
            "label": "Дата выхода",
            "name": "release_date",
            "type": "date_picker",
            "required": 1,
            "display_format": "d.m.Y",
            "return_format": "Y-m-d",
            "first_day": 1
        },
        {
            "key": "field_rating",
            "label": "Рейтинг",
            "name": "rating",
            "type": "number",
            "required": 1,
            "min": 0,
            "max": 10,
            "step": 0.1
        },
        {
            "key": "field_year",
            "label": "Год выпуска",
            "name": "year",
            "type": "number",
            "required": 1,
            "min": 1900,
            "max": 2024
        }
    ],
    "location": [
        [
            {
                "param": "post_type",
                "operator": "==",
                "value": "movie"
            }
        ]
    ],
    "menu_order": 0,
    "position": "normal",
    "style": "default",
    "label_placement": "top",
    "instruction_placement": "label",
    "hide_on_screen": "",
    "active": true,
    "description": "",
    "show_in_rest": 0,
    "modified": 1710444000
} 